ticker,total_earnings,earnings_analyzed,avg_1day_drift,avg_5day_drift,avg_10day_drift,avg_1day_drift_on_beat,avg_5day_drift_on_beat,avg_10day_drift_on_beat,avg_1day_drift_on_miss,avg_5day_drift_on_miss,avg_10day_drift_on_miss,big_beats_count,avg_10day_drift_on_big_beat,big_beat_win_rate,drift_10day_std,beat_drift_win_rate,best_drift_10day,worst_drift_10day
ASTS,14,14,5.608845794803139,8.28645704457764,14.084471773012723,2.9432128856666,6.104865099113516,23.191996232870117,8.27447870393968,10.468048990041764,4.976947313155327,7,23.191996232870117,0.5714285714285714,40.75647221622995,0.5714285714285714,149.25816023738875,-15.96638655462185
CMPO,14,14,1.046706166577856,2.377622094281666,5.575713991256066,5.8229189055283745,6.576037481634984,9.042808091952072,-3.7295065723726624,-1.8207932930716524,2.108619890560061,4,10.477343920399957,0.75,11.713695774103439,0.7142857142857143,26.1780104712042,-15.62974203338392
AGYS,24,24,2.4913546603231698,5.0147203569257455,9.906252743094294,2.3482118749623555,5.064102976393393,9.829119043322104,3.4933541578488683,4.669042020652207,10.446188641499623,20,10.173663142599942,0.8,12.43269905673857,0.8095238095238095,34.34004474272931,-12.597636691367914
RMBS,24,24,4.096792901839542,4.814482019721803,7.4106269593258425,4.11083340255644,4.811622823811592,7.353476317291241,4.043438999115335,4.825346964180598,7.627799399057338,14,8.68228927991012,0.6428571428571429,11.539248999835957,0.6842105263157895,28.94555478980014,-15.607050901168554
PAR,23,23,1.532997071012531,3.1379990795689015,5.107271357139092,0.8162538518377677,4.623204378527132,3.198904458504958,1.9937605690534508,2.1832242445243257,6.334078649118179,7,8.489556259363786,0.7142857142857143,13.758714490671002,0.5555555555555556,33.032258064516135,-21.530010718113612
ABCB,24,24,1.0926663780261243,3.104139456828488,4.214359055628223,0.6442598785865978,3.4453657662173036,5.914571469738081,1.9894793769051762,2.4216868380508574,0.8139342274085091,8,7.447657591878337,0.875,7.122209348286928,0.8125,17.067159581022803,-11.43552311435523
CR,23,10,4.273977851865434,3.5824336118341185,6.331163195779217,4.273977851865434,3.5824336118341185,6.331163195779217,0.0,0.0,0.0,7,7.2780587292632655,0.5714285714285714,9.483090499061383,0.6,20.77890662796322,-9.913043478260875
DORM,24,24,1.130296310532623,2.879778215764351,3.810456527446378,2.402673151944293,4.778466000264612,6.3108547174343075,-0.6510312674437162,0.22161531746398705,0.30989906146327706,12,7.142451657304247,0.9166666666666666,7.246515938004704,0.8571428571428571,14.522354454808612,-10.853180584865846
IBRX,18,18,-0.9009680805984546,3.3809348005618194,-1.5132689192050954,4.433065988662096,4.353734908693188,6.963132151598007,-1.9677748944505649,3.1863747789355465,-3.2085491333657155,3,6.963132151598007,1.0,18.50528868716651,1.0,50.54545454545454,-36.36363636363637
PIPR,24,24,1.0923100642034835,3.861942460227483,6.940911997168833,1.160080069522822,4.182006791460257,6.816258159631329,0.34684000569075857,0.34123481666697386,8.312104210081369,22,6.816258159631329,0.7727272727272727,7.1272417230415765,0.7727272727272727,24.438701340655808,-3.5157974396165663
EEFT,24,24,-0.7089920991185924,-0.9007066257663766,-0.4219270743571357,-1.0906008996812957,0.7325221720576063,2.310828633281463,0.054225502006814086,-4.1671642214143425,-5.887438489634334,8,6.531694987861039,0.75,11.785387821733224,0.6875,35.27614305115437,-26.180698151950715
TLN,7,7,-1.556219268827401,1.8997189469741307,6.25764790702643,-1.3324028703248596,1.1492722265052417,6.053867212722936,-2.8991176598426516,6.402399269787463,7.480332072847398,6,6.053867212722936,0.6666666666666666,7.129795576473883,0.6666666666666666,19.678461659705267,-3.3829207052026167
BOH,24,24,0.10247081220182581,0.554201989026975,2.0024228156491146,0.13969650580297271,0.6477620922709487,2.74913483749311,-0.038986823482532615,0.19867359669987578,-0.8350828673580682,11,5.521130680457013,0.8181818181818182,6.6997354689893385,0.631578947368421,17.344262295081965,-13.278259117469279
OLN,24,24,2.2625103921259124,3.276033633255983,3.367400467101755,2.587032491010807,5.392380738183972,5.383474999524803,1.4743852948340253,-1.8636664787119879,-1.5287805402113617,17,5.383474999524803,0.7058823529411765,11.530148428222805,0.7058823529411765,27.468581687612204,-24.71685542971352
UFPI,24,24,0.6536655413276803,1.4433330034128884,3.341728110124597,1.629879271743478,1.6532873033772166,3.499039285219669,-1.2987619195039153,1.0234244034842308,3.0271057599344506,14,4.885981898622883,0.7142857142857143,8.885082269526384,0.625,21.840170737491107,-12.339293630855625
LEG,24,24,0.46481881741757897,-0.26550563300799473,-0.15503117694424517,2.2137490081350624,2.081280511843155,3.0184606741918256,-1.602098680703084,-3.038980167832082,-3.9055215464686923,11,4.818572146924831,0.8181818181818182,7.888900314429677,0.6923076923076923,14.962962962962964,-22.101910828025474
INDB,24,24,0.747843800188421,2.0285115925724857,1.3272352491036037,1.4750482142090144,2.795313820278579,3.285455352111909,-1.0182240624330208,0.16627761100054464,-3.4284421439165684,9,4.643517666428807,0.8888888888888888,8.183528213664955,0.7647058823529411,16.448598130841116,-22.02448979591837
SSD,24,24,1.0977489786954913,3.1193765625649497,3.498836009579063,1.8878268839731676,3.456214169636481,3.896143064305311,-2.8526405476928898,1.4351885272072915,1.5123007359478169,18,4.617644627363525,0.7222222222222222,6.082592458292059,0.65,17.146017699115035,-5.1037577117218245
HCA,24,24,0.7984422718240195,2.2900859464222294,3.609511301044775,1.3489846654789008,3.183180596983411,3.721268979785394,-0.5385892556235495,0.12114179505935903,3.3380997955318423,12,4.551637977270437,0.8333333333333334,4.0769148423951425,0.8235294117647058,13.180866965620321,-2.9367033603708044
NVT,24,24,0.9580409785168632,2.7530416138469587,3.402024751296407,1.0997886100999201,2.896405575234118,4.632378816692775,0.5327980837676931,2.3229497296854817,-0.28903744489269734,13,4.2598692663675575,0.8461538461538461,6.557295774094332,0.8333333333333334,16.268146883005972,-13.617245005257622
MRVL,24,24,0.3415485397770903,-1.5471941623853394,0.2984488020545573,1.3861854643123477,-0.09362344566492108,1.171908167494645,-2.792362233828682,-5.9079063125465945,-2.3219292942657055,6,4.199874730059387,1.0,9.504980742017512,0.6666666666666666,12.589227774172624,-29.29089443996777
NBTB,24,24,-0.3347738922167803,0.0048928876155524366,1.956067964551688,-0.017820893602448606,0.637447425475197,3.2705390349095183,-1.9195388852884396,-3.1578798016826704,-4.616287387237468,13,3.9053185386283555,0.7692307692307693,6.75297109039063,0.65,16.606379480434068,-13.921468638449774
ITW,24,24,-0.058416881611031646,-0.1263464289850359,1.4653129321168212,-0.021290122307337657,0.021929271061857544,1.691000190186839,-0.46681123395166574,-1.7573791295008634,-1.0172469066533742,8,3.6208799654656945,0.875,4.240760029773495,0.7727272727272727,7.3608412389987565,-10.060053841375023
FLNG,12,12,0.3097438682070897,1.4114448872053096,0.8646285688675314,0.288958184861272,1.9973157969145352,2.820650591332032,0.35131523489872507,0.2397030677868579,-3.0474154760614707,6,3.5737636161639803,0.8333333333333334,7.153236730154456,0.75,12.71415689810639,-14.9110807113543
NCNO,21,21,3.203655456327579,3.0948779820201984,3.439013439236611,2.9901732591063497,3.0414545520303706,3.0094997919890663,5.231736329929262,3.602400566923559,7.519393088088279,17,3.505811570669825,0.6470588235294118,7.358181878608781,0.631578947368421,20.824949698189137,-6.518883415435138
FRO,24,24,1.284732642320767,-1.225653970820997,1.263352913936184,1.1736850757974588,-1.3510066857107466,3.8778810972459152,1.340256425582421,-1.1629776133761223,-0.04391117771868103,5,3.372771761145516,0.6,7.765328246331242,0.625,17.22956436612824,-17.906008328375954
RF,24,24,0.6272742602150941,1.3951013804213368,3.2449858320821616,0.800408374222887,0.5784028219336701,3.0258126411430655,0.33871740353543867,2.7562656445674487,3.6102744836473217,10,3.291738996882735,0.7,5.585348370501344,0.6666666666666666,13.148614609571785,-10.081743869209816
COGT,20,20,-0.3867989291257462,-0.5790289878868382,0.583169266069143,-4.77990738961374,-1.0010911653773766,2.015372143606716,0.711478185996252,-0.47351344351420344,0.22511854668475006,3,3.2642444739708147,1.0,13.332990772384607,0.75,38.62815884476534,-22.4191063174114
FFIN,24,24,0.7260170259963955,2.0238831205571803,2.020991344167442,1.1535311727887447,2.260987531668107,2.5338707119732504,-0.12901126758830317,1.5496742983353275,0.9952326085558265,9,3.2096204160351856,0.6666666666666666,6.336604203229932,0.6875,10.679323642835957,-16.302325581395344
HIG,24,24,-0.16159588785870163,-0.01727933449789117,1.727238720142372,-0.04249924108698351,0.4386199587225018,1.943452035313071,-0.7570791217172927,-2.296775800599856,0.6461721442888774,16,3.1723184893333256,0.625,6.355611437227939,0.6,17.09424083769632,-18.39694656488549
LKFN,24,24,0.8537974423523801,-0.37934521997663145,1.1507735352027646,1.2289456193710613,-0.21412881039638254,2.0905473820665184,-0.271647088703663,-0.8749944487173783,-1.668548005388497,11,3.1441636199833174,0.6363636363636364,8.678511011794832,0.5555555555555556,22.831437786453918,-16.860465116279073
SLB,24,24,0.48875763540666545,0.15628277748307165,-0.31777816341957266,0.6130252569090986,0.1953481570896595,-0.2720183414838246,-2.369397659149296,-0.7422209534684499,-1.3702540679417756,10,3.13434140552695,0.7,7.214909873565683,0.43478260869565216,24.88281249999999,-12.607449856733533
WABC,24,24,1.1652896118410077,1.0378022772722781,0.7378810274517901,1.183921926940049,1.0712723876694399,0.5762405865209753,0.9603341457515526,0.6696310629035005,2.515925877690754,8,3.10869581719326,0.625,5.904219090520021,0.5,12.379361544172223,-9.825369410861635
ATKR,24,24,-0.40139818590108506,1.9776567649467793,2.596061640392143,-0.4804937295497467,1.9180801004091643,2.8266979363692664,0.4686527942341918,2.633000074860545,0.05906238464378566,18,2.900032547707126,0.5555555555555556,6.24558814171719,0.6363636363636364,19.117217187956733,-8.391743296251034
HRI,24,24,-0.3236289899291716,1.0043664508449077,0.7777526388835495,-0.6582840910298436,1.1172562119541074,2.208013431584416,-0.04045928899783384,0.9088443452909696,-0.4324680318633376,9,2.636611153459205,0.5555555555555556,14.107373001841093,0.5454545454545454,21.034587072703438,-41.41063318193962
UHS,24,24,0.23511199935324686,1.1336700800941926,1.4709514169971663,0.019829340356781744,1.6594878619541067,1.6818735249180683,1.3115252943355726,-1.495418829205378,0.41634087739265835,15,2.46005507924943,0.6,8.857027306587415,0.55,17.64545454545454,-18.467801628423384
HBAN,24,24,0.12589851726642767,0.5672568476188173,1.4620378905884126,0.13637403694209668,0.18233447332213334,1.0279280257805536,0.09447195823942067,1.7220239705088691,2.7643674850119897,12,2.429349877064169,0.6666666666666666,6.149752525372357,0.5555555555555556,9.745454545454544,-17.83876500857633
WT,24,24,0.517891520855386,2.436527736696354,3.183394246150108,0.4108273206556398,2.572710097889105,2.8578389343107027,1.0532125218541175,1.7556159307325978,4.811170805347137,17,2.3310898555003,0.6470588235294118,7.674211252082781,0.65,14.01425178147268,-14.802065404475034
CINF,24,24,-0.5180349946396742,-0.6150551338990974,0.7895780423126407,0.181447982089348,0.9344067303892942,2.0750171475400374,-4.0154498782847865,-8.362364455341053,-5.637617483824346,19,2.270861319159322,0.7368421052631579,8.974216290562097,0.7,11.61307121468559,-33.51851851851851
BMRC,24,24,-0.4100830624211645,-0.9418311115233937,-0.1569801666253121,-0.45496633718815216,-0.7017586961061492,1.4559643589314737,-0.30108082370133793,-1.5248641203938447,-4.074131157263221,13,2.117681660469184,0.5384615384615384,8.402728734005438,0.5294117647058824,15.794104707435109,-27.19959778783308
DCOM,24,24,0.3299059861777511,-0.1528528968912882,0.08014707949441524,-0.6245149242474495,-0.7254875831506313,1.0535096205892802,1.4578579712257151,0.523897186869754,-1.0701904690722426,8,1.9844034730242412,0.75,9.426443199865549,0.6923076923076923,17.227833894500563,-23.349514563106805
SPB,24,24,0.7467238795035288,1.115708493522537,0.9172844760178972,0.9507843143556107,1.0544272461068154,2.093951874554534,0.4066231547500588,1.2178439058820727,-1.0438278548764968,14,1.956624942335584,0.5,7.91622095658834,0.5333333333333333,30.268118977796387,-12.679981421272643
GNTX,24,24,0.7472518718892506,0.7450411522498364,2.003126180178908,0.8154467276003006,0.21886393260515735,2.15238716535573,0.6517790738937806,1.4816892597523867,1.7941608009313583,8,1.9227924431365953,0.625,4.375148014803835,0.6428571428571429,11.5,-5.64516129032258
SBCF,24,24,0.6356321955897972,-0.5241577096114206,1.1983148550679754,-0.07768327262307903,-0.19025889850533226,1.9719037582995704,3.346230974798727,-1.792973191814556,-1.7413229772120868,16,1.886710383087757,0.6875,7.158315447427898,0.6842105263157895,17.829827915869963,-12.260967379077627
AXP,24,24,-0.03302751047737392,0.4306918580362096,1.5618747716628123,0.018140059441249405,0.5224105528128721,1.665356715345401,-0.22746427616814255,0.0821608178848919,1.168643385668974,13,1.7346183561549942,0.5384615384615384,5.789601267777543,0.5263157894736842,12.846859398583534,-7.541385652973625
NUE,24,24,0.2955370459150331,2.1100690355652434,2.4302379192691865,0.05849773166177953,1.850918131213156,2.415582397463563,1.954812245687809,3.9241253660298536,2.5328265719085516,15,1.5601725272609093,0.6,9.664090243085324,0.6190476190476191,25.906532268621557,-19.760615559988594
CMA,24,24,-0.8210225901589783,1.1145443016130379,1.9445310065829606,-0.8706943839787842,0.3905204106077039,1.4345505291804046,-0.47332003342033807,6.182711538650373,5.514394348400859,16,1.5262511207906997,0.6875,8.838519050796824,0.6666666666666666,16.306068601583114,-29.68919800043468
WM,24,24,1.1388554969911586,1.3553120374213112,1.4282392035338694,1.5001179222679208,1.6691273896739867,1.931888564758832,0.05506822116087232,0.41386598066328534,-0.08270888014102032,7,1.5257035787279125,0.5714285714285714,4.790228166753069,0.6666666666666666,10.148984198645595,-9.478289047310437
ACGL,24,24,-0.7766018663877593,0.5285713926262382,1.0374006367925512,-0.7766018663877593,0.5285713926262382,1.0374006367925512,0.0,0.0,0.0,22,1.4776416292521632,0.5454545454545454,6.382338716360854,0.5,21.63989856297549,-7.726315789473688
FITB,24,24,-0.07032625139849318,1.1585492420826196,1.46832071693967,0.19335057980418724,1.833514117197684,2.6668773497245075,-0.5976799138038542,-0.19138050814750884,-0.9287925486300043,12,1.3570159533124375,0.6666666666666666,6.246019314182913,0.6875,13.074398249452956,-15.94827586206897
CLMT,24,24,1.5196301253952385,0.6054473642987844,4.19229097635107,0.849392312222529,-1.6266747594750661,0.018134458012657718,1.9983714205186023,2.1998203098515345,7.173831346592792,9,1.2073002357806706,0.4444444444444444,21.158281009739408,0.4,46.06741573033708,-61.68831168831169
FIVE,24,24,-0.8257603108821879,0.9026157213344669,-0.15606712110490642,-0.8013598213022318,1.278330494103349,-0.0012636320286022638,-0.9184821712860209,-0.5251004151872868,-0.7443203795948624,10,1.1728407065606496,0.6,8.356403140770066,0.47368421052631576,16.07792207792207,-17.391304347826082
PFG,24,24,-0.8427739968231603,-0.28601118527176894,1.6061594161157429,-0.7365403601295847,0.6556193021232654,1.391228118815609,-1.0198300579791197,-1.8553953309301596,1.9643782449492992,11,1.1634558489160207,0.36363636363636365,7.211614907344102,0.4666666666666667,19.39849624060151,-11.833688699360335
GRC,24,24,0.47248177996562285,0.9935561438089152,1.5349581349440502,0.05132272644318098,0.846874818114581,1.764387898872328,0.8936408334880647,1.1402374695032496,1.3055283710157723,9,1.1430894112810477,0.6666666666666666,5.870638533441345,0.75,12.847965738758022,-10.873440285204982
CFLT,16,16,-1.0939182315787255,-2.2275805047028028,0.35248146483720877,-0.6569605777838703,-1.661552399605293,1.0419531740088033,-7.648283038501555,-10.718002081165446,-9.989594172736723,15,1.0419531740088033,0.5333333333333333,16.423096525277387,0.5333333333333333,27.90146849834202,-35.90214067278288
FTAI,24,24,0.12752977024623524,0.5959528073964765,-0.40973222585080765,0.23595045442565477,3.122179961618572,0.4467092614993257,0.05008642440379279,-1.2084951599050204,-1.021476145386617,8,1.019920704781299,0.625,16.674827943756206,0.6,24.15835411471322,-41.55927835051546
WSM,24,24,1.627453685084414,2.248598154949163,1.6744067612042375,1.6552002466101814,2.2495856298390633,1.9206899757044256,0.9892827699917583,2.2258862324814532,-3.990107172300086,20,0.9741629039990845,0.4,8.783174275652765,0.43478260869565216,17.720726361928616,-11.998545630832632
PVH,24,24,-0.012444602197713373,1.3919322724375551,0.7842469169627341,0.24703854391366784,1.9843845550250294,1.4075693936173934,-1.8288266249773821,-2.7552337056747622,-3.579010419619882,17,0.8098710017466731,0.29411764705882354,12.035108293746413,0.3333333333333333,30.434782608695656,-14.324324324324325
FFIV,24,24,-0.8177312666096878,-1.3395765093234189,1.0453857543067975,-0.8177312666096878,-1.3395765093234189,1.0453857543067975,0.0,0.0,0.0,17,0.7175744732942982,0.5294117647058824,5.227151124141389,0.5416666666666666,14.305343511450388,-7.896299228181282
NE,18,17,2.7412226943983917,0.9192276659593679,2.0195866129555227,0.7948722119131468,-0.19795747655243603,1.2756364023413762,3.8028684121176153,1.5286013800567149,2.4253776369268745,5,0.6751719347097571,0.6,9.318527427694836,0.6666666666666666,18.39117742458645,-18.522438611346313
VRTS,24,24,-0.05401230781114889,0.15469615454223704,0.5528766419899096,-0.026003118058033278,0.9219586425983163,1.543163194569449,-0.16044722887298798,-2.7609013000708655,-3.2102122578123398,8,0.6627225966509668,0.5,8.454075733877628,0.5789473684210527,15.519292245929673,-15.775332650972357
PSTG,23,23,1.2851141793466183,0.9073163915703522,0.6451791855580499,1.2851141793466183,0.9073163915703522,0.6451791855580499,0.0,0.0,0.0,23,0.6451791855580499,0.5652173913043478,10.893112171840501,0.5652173913043478,22.29132569558101,-20.429311621021466
BAH,24,24,0.37774297034268245,0.7700336214560094,1.1403740351432214,0.22361767278130204,0.73105347932652,0.9364340725903982,1.4566200532723454,1.0428946163624346,2.5679537730129858,16,0.6411972217518166,0.375,5.42844882691416,0.42857142857142855,11.656519533231858,-9.601226993865037
SPHR,20,20,-1.4026971342967205,-0.7335248405423123,0.9563924465792578,-0.6958560215806984,-0.3929360284124362,0.5789947701478578,-2.1095382470127424,-1.074113652672189,1.3337901230106581,10,0.5789947701478578,0.4,10.584584131459644,0.4,18.904369854338185,-16.927690769743425
AMKR,24,24,-0.5173128545920306,0.2550894028030184,0.9306918308289873,-0.9226416822569226,0.6561772033024927,0.9635841940519045,2.3199889390622146,-2.5525252006933035,0.7004452882685684,20,0.5647895003674923,0.35,13.952520957392782,0.38095238095238093,40.69905213270143,-24.64944649446494
VEEV,24,24,0.6180380534383585,0.11995192626309932,-0.18847516149612056,0.6180380534383585,0.11995192626309932,-0.18847516149612056,0.0,0.0,0.0,19,0.5324536322178399,0.5789473684210527,7.137247016771316,0.5,10.921540656205412,-12.575291948371223
TFC,24,24,-0.3686010088114517,0.7624146700129627,0.5286308989953357,-0.36016436446942474,1.0541418182851992,1.897155762067556,-0.41078423052158675,-0.6962210713482185,-6.3139934163657685,12,0.5139069955885421,0.5,5.702366049086128,0.65,9.141121237227292,-20.131421744324967
BBBY,24,24,-2.0580104232065826,1.685799046091627,1.3671241458583232,-1.9453158645326676,3.046004487906377,0.4642757298034657,-2.2458346876631072,-0.581210023599623,2.871871505949752,15,0.4642757298034657,0.4666666666666667,19.9183651053928,0.4666666666666667,52.87356321839082,-37.4061433447099
GD,24,24,0.030259041933760545,0.6785873003175666,1.7798917223413324,0.16572126250613392,1.0389073676585132,1.665624931790746,-0.37612761978335946,-0.40237290170527285,2.12269209399309,3,0.4142415869445961,0.6666666666666666,3.514564163087745,0.6666666666666666,10.653806508614343,-6.22314049586777
WWD,24,24,-1.0198435586090024,-0.18298593189348913,0.47031419069217617,-1.1400711193642734,0.6433057935176624,0.5637085116299589,-0.7793884370984607,-1.8355693827157922,0.28352554881661063,15,0.3990077102506627,0.4,6.864624672613326,0.4375,11.058755649581691,-9.91795806745671
STT,24,24,-0.44992670313807653,0.6637281696145397,1.3474007573400766,-0.5846273773402813,0.6734955710615325,1.5109802967824857,2.648188803512633,0.4390779363337094,-2.4149286498353333,18,0.3960332395088249,0.6666666666666666,7.130169448219316,0.6956521739130435,15.492083203973927,-11.81195680800632
BKE,24,24,0.39248887422637296,1.2417043942595283,2.3199574406500747,0.3560181835504586,1.0272100377032964,1.221193358049345,0.5310774987948481,2.056782949173209,6.495260954532848,17,0.3675159308622264,0.47058823529411764,6.506866959716059,0.5263157894736842,22.14673913043478,-5.520805004079415
RVTY,24,24,0.30024565985886953,-0.01631817155713892,-0.8556470246405269,0.36268363580706026,-0.15527963874167944,-0.9716777552684118,-0.38657207557122936,1.5122579674728096,0.4206910122662063,14,0.33101744943293493,0.5714285714285714,6.110901475025673,0.5,10.799625175698878,-12.297708700528757
ALV,24,24,0.6505228891762336,0.6789707084144835,1.5388039928342632,0.19965793165783216,-0.022436128725763425,-0.05468843763970961,1.401964485040236,1.8479821036482287,4.194624710290885,13,0.2954614190572924,0.6153846153846154,4.631533208866064,0.5333333333333333,11.543564794338785,-6.357428773251697
ZS,24,24,1.0758794863247103,-0.4257871929753181,0.2341505379330373,1.0758794863247103,-0.4257871929753181,0.2341505379330373,0.0,0.0,0.0,24,0.2341505379330373,0.4166666666666667,9.814103150049254,0.4166666666666667,18.164179104477615,-22.040715131814547
PG,24,24,-0.32057930878857865,-0.2136411936619986,0.262815603055994,-0.48542648349751,-0.3524448718016828,0.051418941870707495,1.4927396130096666,1.313199265874529,2.588178876094147,8,0.20001486563144438,0.375,2.835155170780444,0.5,5.4009349154980155,-5.884723901652557
IOT,15,15,2.6102557040069017,1.8658740468779882,0.0499623554201186,2.6102557040069017,1.8658740468779882,0.0499623554201186,0.0,0.0,0.0,15,0.0499623554201186,0.5333333333333333,13.56864541844109,0.5333333333333333,31.952662721893493,-16.397849462365592
SNOW,20,20,1.8348788987359115,0.08374763800269389,-0.10628754838859282,0.9673911372071764,-0.9089892464407483,0.030209068254453686,5.304829944850851,4.0546951757764615,-0.65227401496078,16,0.030209068254453686,0.375,10.36707390990174,0.375,18.034906270200395,-22.437103221255594
GCT,12,12,-0.7232426702421426,0.2788837184638779,0.8959014331539928,-2.126489457902827,-0.7413196015834345,0.013262558756083691,14.712471994025384,11.50112023898431,10.604929051530993,11,0.013262558756083691,0.45454545454545453,16.768548084586776,0.45454545454545453,23.962264150943405,-27.417840375586856
RBCAA,24,24,-0.6242683310685815,0.9404728425844752,0.4068477127616778,-1.1266921215274392,0.520891126652022,-0.026931702232032784,0.38057924984913394,1.7796362744493819,1.274406542749099,13,-0.002008459160823287,0.46153846153846156,5.881292502675053,0.4375,14.186755333887497,-10.808668076109946
YOU,16,16,-0.09243761914425852,-0.4791561158045274,-0.36711912089898757,0.24559307221405507,-0.05286363760468049,0.37468072750373665,-2.4586524586524536,-3.4632034632034565,-5.559718059718056,13,-0.22495418888235144,0.6923076923076923,11.103934733601811,0.7142857142857143,12.18211648892536,-30.44240035041611
BRO,24,24,-2.3964554958483064,-2.421716950515252,-0.7654789618633754,-1.8207678441695494,-2.230121951300704,-0.23820214060074127,-8.72901966431463,-4.529261941875278,-6.565523995752349,16,-0.2923691003030582,0.5,6.641700778431432,0.5454545454545454,11.50859025653095,-17.341124908692482
FHB,24,24,-0.6618785922752474,-2.114647676611401,-0.9992031425948852,-0.5028916872907642,-1.9392510215105465,0.12358922261122496,-1.047989647237564,-2.5406109818563323,-3.7259846009525814,14,-0.41953645519456234,0.42857142857142855,5.956342768592911,0.47058823529411764,13.313856427378957,-18.30543933054394
NWBI,24,24,-0.4589880162351474,-0.2327610686154787,-0.1667105689605446,-0.5573309892139456,-0.08642522734356162,0.28707420823895147,-0.08528471891571449,-0.7888372654487634,-1.8910927223186302,15,-0.49436267960163716,0.4,5.51981534233041,0.5263157894736842,10.549777117384842,-10.422049956933671
ALLY,24,24,-0.3429910884590039,-0.6408993496165535,-0.3276203224532,0.17333663985612383,-1.1183304139753156,-0.11823290011725494,-1.8919742734043872,0.7913938434597331,-0.9557825894610351,13,-0.5523458628565726,0.38461538461538464,4.72195096586521,0.4444444444444444,8.884688090737253,-9.840326773115478
TXNM,24,24,0.4530331187447152,-0.3638064829068092,-0.604654897108943,0.467383685167163,-0.35127028546481853,-1.2043389844107542,0.3812802866324765,-0.4264874701167629,2.3937655394001114,15,-0.6002423235634492,0.26666666666666666,4.856404974436307,0.3,9.508041627246916,-12.107051826677987
KDP,24,24,-0.1126629905708439,-0.9655952475043476,-0.9181864952090564,-0.28167685640019824,-0.8010630919609015,-1.2541807088771821,0.7324063385759276,-1.7882560252215782,0.7617845731315742,3,-0.6863662590045703,0.3333333333333333,5.209916018600483,0.4,7.76662950575994,-18.590651558073656
CRI,24,24,0.4014832364049923,-0.8404172971911773,-0.23802044252601848,0.5194805943329937,-0.5202957815599897,-0.7500239424423063,0.04749116262098848,-1.8007818440847396,1.2979900572228467,18,-0.7500239424423063,0.3888888888888889,7.250354307520239,0.3888888888888889,10.820138043036959,-15.749172185430464
ASAN,19,19,-2.3830531389295344,-1.463015141152164,-1.6496949333690756,-2.192864334819885,-0.7557632941552406,-1.132025655473809,-5.806451612903228,-14.193548387096769,-10.967741935483867,18,-1.132025655473809,0.3888888888888889,19.782256091890797,0.3888888888888889,52.820512820512825,-27.641224665804227
SPH,24,24,0.6876667791347023,0.7841636290899338,1.65815795924821,0.7022248103362239,-0.09893499526505052,-1.2998245361473364,0.6789319604137894,1.314022803702924,3.432947456485538,8,-1.2369323520389028,0.25,4.950564059069526,0.2222222222222222,16.28588166373756,-7.98850574712642
STEL,12,12,0.27779676260408304,1.2319828235473869,-0.05482214488069884,-0.020493913276642364,0.20805722477369348,-1.1675956720309217,3.5589941972920625,12.495164410058015,12.185686653771754,8,-1.2527813885475392,0.5,8.144681920687809,0.5454545454545454,12.632776934749629,-12.030075187969922
FRHC,5,5,-0.05544951347579881,-0.5860437718888287,-3.937320529495488,-1.468633002128555,-2.2428593944434314,-1.551572196303544,2.0643257195033358,1.8991796619430752,-7.515943029283404,3,-1.551572196303544,0.3333333333333333,4.478078167331174,0.3333333333333333,4.024767801857595,-7.558685446009386
WBS,24,24,-0.10676816498232115,0.6443370206732838,-0.6811012262668058,-0.24099771782566962,-0.3357219783577053,0.0037293083606005696,0.11694775642325984,2.2777686857249324,-1.8224854506458168,9,-1.797123468310409,0.3333333333333333,5.948066827078838,0.4666666666666667,10.764287353683722,-16.51993785603313
CDNS,24,24,-0.28779744096116366,0.5007104880555439,-1.399121276866813,-0.28779744096116366,0.5007104880555439,-1.399121276866813,0.0,0.0,0.0,13,-1.9085805465198598,0.46153846153846156,8.584238115212957,0.5833333333333334,12.59115216334466,-16.407413822968987
REX,24,24,0.8139352361771555,-2.2491045392734264,-2.222803380283906,1.4613974097813403,-2.1119714776621663,-2.2165286277526866,-1.6464210235187466,-2.7702101733962166,-2.2466474399025373,19,-2.2165286277526866,0.3684210526315789,7.127914229443639,0.3684210526315789,13.62955566650025,-19.261304798066963
NOV,24,24,-0.22825832777022734,0.29384835070023657,1.7762849984514002,-1.6518554990753003,-2.2039049704863256,-0.8937972665454571,1.1953388435348453,2.7916016718867986,4.4463672634482565,10,-2.2563707149361485,0.5,10.229175947953129,0.5833333333333334,28.187919463087262,-13.603473227206953
NTNX,24,24,-1.2639009809520978,-0.9230802075365964,-2.557380790879421,-1.2639009809520978,-0.9230802075365964,-2.557380790879421,0.0,0.0,0.0,23,-2.420124055079147,0.43478260869565216,13.427264704198302,0.4166666666666667,22.55639097744361,-40.85820895522389
NXPI,24,24,1.119397855728154,2.5746129802919655,3.290461985833588,1.0060241227905153,2.5891425823535177,3.6289105014361978,2.3665089180421806,2.4147873576148946,-0.4324716857951181,4,-2.475634807308163,0.25,7.092058024663492,0.6818181818181818,17.771084337349397,-9.910389924921278
ACLX,15,15,1.6418681326903484,0.04757598926730158,3.1833589402152636,-1.868188126578958,0.09576224913039288,-3.109066686632761,2.9182522269700963,0.030053712953450686,5.471513713614544,4,-3.109066686632761,0.5,14.400266210053354,0.5,31.818181818181802,-17.41608613046232
ARLP,24,24,0.662107423812449,-1.4623404218402605,-3.28894725788917,0.5829325232770226,-0.5986120334662929,-1.8312737454290036,0.7291015704193484,-2.193187519695156,-4.522363306893926,9,-3.966524282685216,0.1111111111111111,6.502937664190187,0.18181818181818182,17.98165137614678,-11.612903225806452
CAR,24,24,1.7500897718723352,-0.99867610962312,1.8205141396469937,2.6744086957113034,-4.901814400942742,-4.125909393574184,0.45604327849777954,4.4657174982243495,10.145507086156645,12,-4.98513921203869,0.25,20.283360167190878,0.2857142857142857,49.261891744122465,-41.1524315488353
VSCO,17,17,1.7507873701322718,-1.5997152894626816,-3.7542251152925683,-0.27067352211306794,-3.6894680293685025,-6.102973396196766,11.184271533943857,8.15246416343115,7.206600195593691,10,-5.099789073603453,0.3,10.666546252947802,0.2857142857142857,18.942731277533042,-23.33785617367707
BTDR,8,8,-1.1733679347532149,0.8878981172145259,1.0317370094912968,-1.4765207546816772,-5.84867537741101,-6.727660589729553,-0.9914762427961374,4.929842213989848,5.687375569023805,3,-6.727660589729553,0.0,11.951522915065745,0.0,24.39633638634471,-14.793741109530584
CELC,24,24,-2.4893861099796175,2.3629202292964635,4.932562163124802,-7.610653250270801,-5.495134826898617,-7.929091926880221,0.07124746016597483,6.291947757394004,11.363389208127312,7,-7.549488028114391,0.14285714285714285,19.83295200317324,0.125,59.13793103448277,-24.715099715099708
NB,3,3,1.9801914842442407,0.9045962950173679,13.210025956200745,0.0,-9.375000000000009,-13.281249999999995,2.970287226366361,6.044394442526056,26.455663934301114,1,-13.281249999999995,0.0,30.108891879681973,0.0,55.3256704980843,-13.281249999999995
