ticker,pe_ratio,forward_pe,peg_ratio,price_to_book,debt_to_equity,current_ratio,profit_margin,operating_margin,return_on_equity,return_on_assets,revenue_growth,earnings_growth,beta,shares_outstanding,float_shares,institutional_ownership,insider_ownership,short_ratio,short_percent_float,analyst_count,target_price,recommendation,fifty_two_week_high,fifty_two_week_low,avg_volume_10day,avg_volume_3month,market_cap,enterprise_value,last_updated
FFIN,19.701754,20.542683,,2.7565045,,,0.42468,0.56966,0.15086001,0.01784,0.193,0.268,0.864,142174080,136825491,0.66484,0.03808,14.77,0.060399998,5.0,38.6,hold,44.66,30.58,481040,533190,4789844480,4438349312.0,2025-10-14 20:59:04.610125
INDB,15.765237,13.508703,,0.968198,,,0.28443,0.41015998,0.0629,0.00955,0.052,-0.008,0.864,49915917,48920594,0.79796,0.00778,5.88,0.047199998,4.0,80.75,buy,77.23,52.15,270660,335473,3486127360,3273202432.0,2025-10-14 20:59:05.200326
HRI,154.22891,8.767808,,2.2239401,517.321,1.153,0.0060900003,0.15968001,0.014049999,0.042090002,0.182,,1.813,33236566,28949049,1.02637,0.01941,5.26,0.081999995,10.0,158.9,buy,246.88,96.19,451230,504879,4254612736,13844321280.0,2025-10-14 20:59:05.799146
UFPI,15.96875,12.548431,,1.7126578,11.827,4.543,0.05309,0.06915,0.11147001,0.06415,-0.035,-0.171,1.455,58566148,57434650,0.87499,0.020130001,3.07,0.0277,6.0,114.5,buy,141.33,88.99,364490,354392,5386914304,4818251264.0,2025-10-14 20:59:06.400649
WABC,9.860416,10.880461,,1.3138099,,,0.46166,0.61831003,0.14604001,0.0209,-0.132,-0.157,0.608,25461854,24195636,0.80224,0.048899997,1.99,0.0182,1.0,53.0,hold,59.97,42.0,141160,148043,1205109632,664865600.0,2025-10-14 20:59:06.996933
SLB,11.154109,8.87466,,2.1677206,63.579,1.315,0.11534,0.15738,0.19224001,0.07683,-0.065,-0.039,0.975,1493878835,1347032927,0.79764,0.00187,2.26,0.0304,28.0,46.02143,strong_buy,44.97,31.11,15941110,16733010,48655630336,54808801280.0,2025-10-14 20:59:07.611662
WBS,12.081301,10.373472,,1.0969622,,,0.3445,0.51959,0.094399996,0.01079,0.205,0.473,1.039,166188648,164422063,0.92494005,0.00803,2.45,0.0233,17.0,71.70588,buy,63.99,39.43,1282680,1348509,9878252544,11787364352.0,2025-10-14 20:59:08.222912
ALV,13.020834,11.66503,,3.6941981,89.355,0.928,0.06834,0.09175,0.29889,0.08128,0.042,0.266,1.34,76807215,76520724,0.72880995,0.0032300001,3.47,0.028499998,17.0,135.21176,buy,129.54,75.49,596240,631809,9120857088,10971067392.0,2025-10-14 20:59:08.843460
RF,11.757009,11.132743,,1.299654,,,0.30495,0.46976003,0.11568,0.013259999,0.156,,1.029,892308354,888069889,0.82618,0.0029199999,2.02,0.0508,23.0,29.09783,buy,27.96,17.74,23541570,18461992,22450477056,,2025-10-14 20:59:09.552313
FITB,13.523364,11.89315,,1.5249237,,,0.29201,0.38996,0.11569,0.011030001,0.044,0.086,0.966,654957887,657704112,0.88547,0.0043599997,5.94,0.0473,20.0,50.6,buy,49.07,32.25,11399380,5742646,28431722496,44083642368.0,2025-10-14 20:59:10.374671
AXP,23.357895,22.01389,,7.169783,187.933,1.603,0.15994,0.21002,0.32808,0.03574,0.092,-0.017,1.294,695882227,542697672,0.65339994,0.21916,3.48,0.018099999,24.0,334.41125,hold,349.19,220.43,2271200,2552239,231624409088,227814457344.0,2025-10-14 20:59:11.251889
STT,12.966293,12.35546,,1.387653,,,0.21392,0.27648002,0.109469995,0.008119999,0.075,0.009,1.48,283695342,267967272,0.9344,0.00455,2.92,0.020299999,15.0,128.63333,buy,118.24,72.81,1619220,1834487,32738441216,-51862827008.0,2025-10-14 20:59:11.908996
ALLY,38.403847,9.624096,,1.005716,,,0.06319,0.22780001,0.030569999,0.00227,0.113,0.677,1.167,307808031,277291943,0.84902,0.103319995,2.94,0.0337,17.0,47.17647,buy,44.83,29.52,3825150,3252067,12293852160,23217690624.0,2025-10-14 20:59:12.514401
HBAN,12.19403,12.19403,,1.2585689,,,0.29136,0.36378,0.10505,0.01054,0.081,0.133,0.979,1458913612,1447508930,0.88819003,0.00923,2.79,0.0626,20.0,19.845,buy,18.45,11.92,32201030,31125945,23838650368,32022921216.0,2025-10-14 20:59:13.110697
EEFT,12.097931,9.042268,,2.6602166,190.179,1.153,0.08043,0.15182,0.25844,0.053379998,0.089,0.317,1.204,39684105,38083391,1.05679,0.06605,4.67,0.1244,7.0,126.28571,buy,114.25,82.18,638860,739120,3480692736,3741811968.0,2025-10-14 20:59:13.725849
RBCAA,11.22763,12.794274,,1.3173939,,,0.33668998,0.44686002,0.12335,0.0183,0.126,0.245,0.546,17381648,9608432,0.29135,0.51921004,3.94,0.0112,1.0,78.0,hold,80.68,56.79,25630,26657,1396823040,1363866368.0,2025-10-14 20:59:14.320019
TFC,11.9051485,11.121519,,0.96116394,,,0.28729,0.37097,0.08128,0.00983,,0.466,0.855,1289435167,1285992375,0.7547,0.0022200001,3.79,0.0233,21.0,49.52857,buy,49.06,33.56,7459100,7580810,56644886528,73744236544.0,2025-10-14 20:59:14.908901
CMA,15.257197,14.505474,,1.5026181,,,0.22551,0.31677,0.11136,0.0092,-0.023,-0.047,0.974,127589080,127616795,0.93651,0.00798,4.25,0.067600004,19.0,75.05263,hold,83.22,48.12,5503860,2628746,10142055424,13449015296.0,2025-10-14 20:59:15.545013
GD,22.547043,20.864428,,3.8215327,45.034,1.364,0.08128,0.1016,0.17915002,0.05752,0.089,0.147,0.484,268993342,251745725,0.86364996,0.00508,2.39,0.0112,17.0,352.35294,buy,347.37,239.2,940360,1068750,90247266304,98909454336.0,2025-10-14 20:59:16.150535
VRTS,9.410044,6.4077024,,1.4529084,31.981,2.071,0.16344,0.20042999,0.15755,0.031059999,-0.062,1.519,1.434,6748088,6297923,0.83906,0.06303,1.32,0.0274,4.0,198.75,hold,252.82,142.18,82430,78646,1302380928,1477281152.0,2025-10-14 20:59:16.751398
HCA,17.565071,17.04277,,-22.48616,,0.976,0.08213,0.15946999,136.31683,0.11844,0.064,0.235,1.407,233993500,162190255,0.63085,0.30528,2.74,0.0219,21.0,417.5238,buy,439.01,289.98,1246610,1340987,97902878720,144576446464.0,2025-10-14 20:59:17.373415
FHB,12.756477,14.921213,,1.1392347,,,0.30618,0.43118998,0.09399,0.01031,0.05,0.208,0.816,124627544,123782569,1.02402,0.00627,8.31,0.089700006,9.0,26.22222,underperform,28.8,20.32,859410,950585,3068330240,1858692480.0,2025-10-14 20:59:17.976094
PG,22.947693,20.102427,,6.8181195,69.861,0.704,0.18952999,0.25147,0.31242,0.10909,0.017,0.165,0.364,2340485262,2338131796,0.70136,0.00068999996,2.31,0.0072000003,22.0,169.09091,buy,180.43,146.97,6728480,7149714,349106798592,373495365632.0,2025-10-14 20:59:18.598659
STEL,14.990385,16.410526,,0.99923086,,,0.25919,0.38958,0.069510005,0.01038,-0.053,-0.082,0.817,51352644,46248191,0.61817,0.09754,3.75,0.0242,5.0,31.6,hold,32.38,24.125,225570,271279,1601175424,1137661696.0,2025-10-14 20:59:19.238014
ITW,21.781385,23.185982,,22.529058,278.325,1.585,0.21311001,0.26598,1.09023,0.16344,0.006,0.016,1.113,291500000,264416735,0.84272003,0.0038,7.92,0.0226,16.0,261.0,hold,279.13,214.66,1023670,936303,72318230528,79410094080.0,2025-10-14 20:59:19.867054
BAH,12.014742,13.991417,,11.360205,392.958,1.781,0.08703,0.100209996,0.96885,0.11649,-0.006,0.704,0.414,123248686,121114019,0.99987,0.010190001,4.28,0.0734,10.0,126.2,hold,190.59,95.5,1552830,1803939,12053722112,15341616128.0,2025-10-14 20:59:20.482408
GNTX,14.666666,12.361905,,2.3450768,0.532,3.152,0.1682,0.19047001,0.16582,0.10481,0.148,0.155,0.842,219489358,218639934,1.02153,0.0028900001,3.39,0.0287,8.0,31.0,buy,31.48,20.28,1943140,2191190,5697943552,5559735296.0,2025-10-14 20:59:21.086650
CRI,8.314667,6.2235527,,1.3315681,131.67,2.203,0.04794,0.00691,0.16309,0.05748,0.037,-0.992,1.072,36432176,32448682,1.27162,0.03416,2.66,0.1244,5.0,24.8,underperform,68.69,23.38,1027370,1464957,1135955200,1869646976.0,2025-10-14 20:59:21.703653
PIPR,29.196459,23.39662,,4.7011147,8.337,2.524,0.13203,0.15323,0.11781,0.08322,0.17,0.208,1.444,17690540,17155578,0.86724997,0.02338,3.92,0.0397,2.0,373.0,buy,374.77,202.91,178080,146929,6125703168,5704812032.0,2025-10-14 20:59:22.293784
DCOM,37.9125,11.665385,,1.0127217,,,0.14027001,0.42036998,0.03287,0.00318,0.229,0.489,1.114,43891098,41953306,0.84900004,0.04404,11.08,0.0619,5.0,36.2,strong_buy,37.6,23.25,161170,209231,1331216896,1067624448.0,2025-10-14 20:59:22.915507
LKFN,17.405994,18.19943,,2.2968502,,,0.39511,0.53295,0.13862,0.01398,0.052,0.195,0.593,25530150,24702463,0.86459,0.027479999,17.86,0.1013,5.0,70.6,buy,78.61,50.0,87100,146918,1630866048,1283443840.0,2025-10-14 20:59:23.543969
GRC,23.05076,22.934343,,3.003903,85.077,2.393,0.0769,0.14759,0.13703,0.06571,0.056,0.889,1.213,26312842,20760569,0.63203996,0.21029,1.95,0.0069,2.0,54.0,none,48.12,30.87,117230,80132,1194866176,1494976640.0,2025-10-14 20:59:24.159974
TXNM,29.314432,20.310715,,1.8900594,180.695,0.512,0.08733,0.14425999,0.06841,0.02315,0.029,-0.585,0.073,105378979,96268966,1.02483,0.01026,5.97,0.0559,6.0,60.08333,buy,57.42,42.09,902900,1013656,5992902144,11865929728.0,2025-10-14 20:59:24.774459
WT,32.560978,18.287672,,4.292605,115.792,1.438,0.16247,0.32497,0.14118,0.090220004,0.052,0.302,1.128,147107121,129513037,1.0269101,0.092709996,10.45,0.2754,6.0,15.375,buy,14.96,7.47,2763680,3155134,1963880064,2120747136.0,2025-10-14 20:59:25.371388
NVT,64.61688,31.391167,,4.551734,53.957,1.669,0.17719,0.16591999,0.07525,0.05229,0.302,0.018,1.375,160947295,160221423,1.02968,0.012200001,1.93,0.0238,12.0,103.33667,strong_buy,101.765,41.705,1885500,1926996,16015865856,17787056128.0,2025-10-14 20:59:25.997384
BOH,16.866142,17.653847,,1.827697,,,0.26047,0.38229,0.10199001,0.00728,0.108,0.309,0.792,39767508,38862002,0.8129,0.02099,8.84,0.1193,6.0,70.33333,hold,82.7,57.45,291560,396714,2555460096,2812891648.0,2025-10-14 20:59:26.613865
ABCB,13.202822,14.882703,,1.3078039,,,0.35057,0.49258998,0.10458,0.01471,0.057,0.213,0.952,68586848,64392337,0.95837,0.05093,3.05,0.027999999,6.0,78.16667,buy,76.58,48.27,398680,444446,5134411264,4295448576.0,2025-10-14 20:59:27.217656
ARLP,14.093406,7.702703,,1.8371294,26.267,1.963,0.10299,0.15927,0.12868,0.06823,-0.077,-0.405,0.49,128428024,90064005,0.16896,0.29325,2.99,0.0101,2.0,30.5,strong_buy,30.56,22.2,269610,353737,3294178816,3725632768.0,2025-10-14 20:59:27.817974
KDP,23.619469,13.019513,,1.4510956,74.745,0.638,0.09747,0.21570998,0.06181,0.040349998,0.061,0.053,0.437,1358435279,1209985472,0.95386004,0.04966,1.1,0.0208,17.0,34.05882,buy,37.27,25.03,17280430,16996482,36256641024,54055858176.0,2025-10-14 20:59:28.417870
AGYS,228.69386,66.702385,,11.028441,11.972,1.112,0.04851,0.05915,0.05214,0.03787,0.207,-0.66,0.604,28042795,26386716,1.05774,0.04256,8.48,0.0788,5.0,130.4,strong_buy,142.64,63.71,235740,226979,3142475776,3056668672.0,2025-10-14 20:59:29.026533
RVTY,39.626087,17.66279,,1.4031467,44.664,3.329,0.10191,0.14314,0.03613,0.02046,0.041,0.023,0.985,116072580,108560363,1.00871,0.00337,5.62,0.090500005,15.0,112.66667,buy,129.5,81.36,1205730,1335821,10578854912,12943293440.0,2025-10-14 20:59:29.626699
LEG,8.553399,7.4661026,,1.3946494,228.511,2.172,0.03355,0.071830004,0.1866,0.041199997,-0.063,,0.734,135350969,132362420,0.86663,0.02005,4.37,0.08229999,3.0,9.66667,hold,13.62,6.48,1510620,1789101,1192442112,2736729600.0,2025-10-14 20:59:30.242220
CAR,,13.627521,,-1.9938961,,0.783,-0.19058001,0.14248,,0.015470001,-0.003,-0.746,2.023,35193504,14770362,1.1476101,0.03309,10.61,0.4943,8.0,146.5,hold,212.81,54.03,703060,944515,5472238080,33973725184.0,2025-10-14 20:59:30.866685
BRO,27.311237,23.171148,,2.697464,66.945,2.747,0.20299,0.29944,0.11533,0.04404,0.082,-0.133,0.793,329842812,282477384,0.83009005,0.13494,3.31,0.033099998,12.0,108.33333,buy,125.68,89.99,2567370,2941635,31259203584,30070548480.0,2025-10-14 20:59:31.463400
CR,34.75822,30.509338,,5.481165,3.193,2.927,0.15796,0.1762,0.17934999,0.092539996,0.092,0.198,1.362,57546840,48779579,0.77949995,0.14464,1.63,0.0104,8.0,211.875,buy,203.89,127.04,255950,279332,10341167104,10017473536.0,2025-10-14 20:59:32.064529
DORM,19.107777,18.600266,,3.0542774,39.958,2.743,0.10832,0.17940001,0.17376,0.0871,0.076,0.248,0.844,30534243,26297311,0.8664,0.10744,5.94,0.0465,8.0,168.75,none,166.89,106.95,183000,196603,4276626176,4728096768.0,2025-10-14 20:59:32.669976
AMKR,24.516394,15.659686,,1.7610693,42.843,1.892,0.04804,0.06082,0.07345,0.03495,0.034,-0.185,1.984,247143055,160717129,0.47049,0.55403,1.68,0.0296,8.0,25.875,buy,33.54,14.03,2828370,2425564,7392048640,7331969536.0,2025-10-14 20:59:33.266494
NBTB,15.172662,12.369501,,1.2238503,,,0.22554001,0.34724,0.08164,0.00904,0.166,-0.362,0.537,52394085,51024504,0.66181,0.02691,5.44,0.0256,6.0,49.66667,buy,52.44,37.31,155320,185771,2209982464,1947042432.0,2025-10-14 20:59:33.864515
ACGL,9.537745,10.202434,,1.5524845,11.84,0.584,0.19493,0.29829,0.17087,0.03793,0.233,-0.021,0.451,373220295,358649090,0.92129,0.031,2.52,0.0171,17.0,108.23529,buy,111.34,82.49,1671920,2180462,34422108160,34007564288.0,2025-10-14 20:59:34.453981
NOV,10.371901,8.044872,,0.71923894,36.154,2.582,0.053579997,0.065359995,0.07375,0.04452,-0.013,-0.495,1.261,371364737,368067018,1.0539601,0.008169999,7.95,0.17719999,20.0,15.4,buy,16.86,10.84,3826080,3749257,4660627456,6065046016.0,2025-10-14 20:59:35.052756
FTAI,41.80392,34.73727,,106.06965,2110.784,5.013,0.21313,0.3179,3.89503,0.1126,0.524,,1.736,102570598,100976651,0.98027,0.01469,3.64,0.0507,10.0,209.1,strong_buy,184.444,75.06,801140,1180689,17494441984,20524457984.0,2025-10-14 20:59:35.654973
NXPI,25.758045,16.534813,,5.6938477,115.519,1.736,0.17719999,0.25768998,0.22695999,0.083909996,-0.064,-0.311,1.447,252114595,251693564,0.98287004,0.00121,3.38,0.0337,32.0,258.4344,buy,256.62,148.09,2364840,2537639,54484484096,63308234752.0,2025-10-14 20:59:36.276263
NUE,24.867144,14.798077,,1.5593231,32.017,2.827,0.042069998,0.10868,0.07304,0.03918,0.047,-0.03,1.762,229535447,221242331,0.77364,0.03265,2.2,0.0235,12.0,159.66667,strong_buy,170.52,97.59,1339390,1603035,31792953344,36940468224.0,2025-10-14 20:59:36.884441
NE,14.368421,8.247734,,0.9368244,42.737,1.8,0.09393,0.16723,0.07176,0.06734,0.229,-0.799,1.105,158824801,155904013,0.77693003,0.20997,2.93,0.0955,10.0,33.6,buy,35.98,17.4,2201500,2594318,4335917056,6020230144.0,2025-10-14 20:59:37.495513
PFG,16.389112,9.631517,,1.5893406,35.165,1.473,0.07532,0.14093,0.10395,0.0028600001,-0.148,0.201,1.029,222768441,221168964,0.75401,0.01126,2.87,0.0187,12.0,87.91667,hold,91.98,68.39,1062830,1231892,18108848128,17441261568.0,2025-10-14 20:59:38.094801
UHS,10.743806,11.223018,,1.8449687,70.09,1.29,0.07661,0.116780005,0.18789,0.07808,0.096,0.275,1.305,56388014,53793785,0.97318,0.05469,3.15,0.0556,16.0,224.1875,buy,240.26,152.33,606670,811987,12970201088,17570623488.0,2025-10-14 20:59:38.696599
WM,32.40862,27.027262,,9.543625,261.03,0.857,0.11361,0.1846,0.32691002,0.06966,0.19,0.065,0.642,402830315,401601683,0.84089994,0.0025099998,2.68,0.0109,22.0,255.0,buy,242.58,199.69,1389500,1595878,87861321728,111031435264.0,2025-10-14 20:59:39.309532
CDNS,88.27913,47.554745,,17.729822,49.498,2.821,0.19884,0.29354,0.21839,0.11731,0.202,-0.298,0.988,272490000,271380966,0.90774,0.00306,1.98,0.015800001,24.0,370.84042,buy,376.45,221.56,1384850,1732981,88763613184,90006544384.0,2025-10-14 20:59:39.913383
SBCF,19.398773,19.7625,,1.1814377,,,0.26121,0.45099,0.0631,0.00899,0.183,0.394,0.952,97771663,79521052,0.89517,0.01392,5.17,0.0404,6.0,31.70833,hold,32.33,21.36,548420,620448,3091540224,3327350272.0,2025-10-14 20:59:40.590358
CINF,13.768431,21.657572,,1.7350296,6.181,1.052,0.15593,0.26755,0.13442999,0.03902,0.277,1.192,0.73,156376422,153378686,0.70419,0.015859999,3.89,0.012200001,6.0,167.0,buy,166.9,123.02,497650,510046,24824756224,24477710336.0,2025-10-14 20:59:41.198773
OLN,,8.729538,,1.4368557,165.213,1.479,-0.00212,0.02707,-0.00803,0.01593,0.07,,1.662,114641535,113993810,0.93315005,0.00467,3.19,0.0983,15.0,24.4,hold,48.0,17.66,2512210,2670785,2812156928,5829686272.0,2025-10-14 20:59:41.786545
RMBS,44.95261,38.714283,,8.3106985,2.275,10.851,0.35493,0.36578998,0.20302999,0.10767,0.303,0.606,1.46,107593820,106879397,0.92240995,0.00716,1.71,0.056799997,8.0,103.5,strong_buy,109.15,40.12,2045000,1899610,10205274112,9870787584.0,2025-10-14 20:59:42.375895
NWBI,11.303572,12.411765,,0.98567426,,,0.25541002,0.37472,0.089729995,0.00994,0.44,5.968,0.663,146211701,144654546,0.64165,0.00942,5.99,0.0461,6.0,13.66667,hold,15.42,10.75,762940,984604,1851040000,1955203456.0,2025-10-14 20:59:42.985492
HIG,11.914622,11.29888,,2.1548367,24.946,1.75,0.11825,0.18549,0.19549,0.03281,0.076,0.41,0.68,281171656,279757363,0.94461995,0.00336,2.56,0.018,18.0,142.77779,buy,135.17,104.93,1226690,1446546,36884094976,37087039488.0,2025-10-14 20:59:43.579181
SSD,21.59363,20.036642,,3.6527605,24.724,3.374,0.14526,0.22193001,0.17884001,0.09722,0.057,0.069,1.281,41617298,41432101,1.04372,0.00442,3.86,0.0317,3.0,191.66667,none,197.82,137.35,278800,281971,7054547456,7182362112.0,2025-10-14 20:59:44.174751
CFLT,,65.11429,,7.3682513,104.145,3.984,-0.29275,-0.34162998,-0.32176998,-0.09284,0.201,,0.964,291931187,286668527,0.92611,0.01598,3.26,0.0709,31.0,25.2029,buy,37.9,15.64,11139470,9035403,7856718848,7158301696.0,2025-10-14 20:59:44.780587
FFIV,30.261906,22.283768,,5.7200723,7.484,1.602,0.22058001,0.25157,0.20583999,0.08269,0.122,0.332,1.063,57447170,56873847,1.00801,0.0058600004,4.35,0.0425,11.0,333.0,hold,346.0,213.24,503330,480660,19714146304,18401665024.0,2025-10-14 20:59:45.382652
IBRX,,-3.984127,,-4.028892,,4.11,0.0,-2.69763,,-0.42144,24.239,,-0.056,945254685,193559802,0.13262,0.69198,7.06,0.2523,5.0,10.2,strong_buy,7.48,1.83,10155200,9500665,2372589056,3034170624.0,2025-10-14 20:59:45.976494
CMPO,,18.097345,,-19.682386,,0.114,-0.28151,0.17953,,0.11326,,,1.004,102378638,38195422,0.60526,0.5435,2.51,0.0521,6.0,19.5,buy,21.0,9.244,740160,971093,2093643264,2030479360.0,2025-10-14 20:59:46.687091
FRHC,130.28787,38.217777,,8.564315,144.985,0.962,0.05057,0.12337,0.06774,0.008880001,0.437,-0.123,1.067,61221687,18126517,0.03846,0.70486,5.65,0.0313,,,none,194.01,98.96,142840,126760,10528905216,11607652352.0,2025-10-14 20:59:47.283300
CLMT,,-266.0,,-1.5981462,,0.762,-0.11124,-0.094189994,,-0.03993,-0.094,,0.976,86752229,58196865,0.51554,0.22089,9.75,0.1242,5.0,19.05,none,25.29,7.68,591110,814231,1615326592,4288730624.0,2025-10-14 20:59:47.874106
PAR,,118.741936,,1.7386993,46.594,1.701,-0.20639999,-0.15397,-0.12649,-0.033269998,0.438,,1.652,40581077,35166344,1.21333,0.01763,6.12,0.14729999,9.0,74.66667,strong_buy,82.24,35.05,859230,871212,1493789440,1774320384.0,2025-10-14 20:59:48.461216
SPHR,,-10.098705,,0.97107476,44.025,1.13,-0.28702998,-0.1625,,,0.034,,1.785,29132663,24793518,1.3318,0.06466,4.75,0.32669997,10.0,63.9,buy,68.0,23.89,991690,1057829,2246723584,2853155584.0,2025-10-14 20:59:49.054856
SPH,12.5,8.6046505,,1.873228,208.635,0.699,0.06792,0.0189,0.15496999,0.054920003,0.022,,0.279,65473322,63492754,0.42224,0.02457,4.86,0.0106,1.0,17.0,none,22.24,16.92,90810,116095,1211256448,2552034816.0,2025-10-14 20:59:49.646787
TLN,107.66753,59.76395,,15.308366,246.549,1.836,0.08788,0.14536999,0.09062,0.01307,0.099,-0.803,1.587,45685316,37960843,1.00858,0.00721,4.69,0.099,15.0,438.63733,strong_buy,451.28,158.08,712470,1096765,19085041664,22859030528.0,2025-10-14 20:59:50.247859
WWD,40.465927,43.49915,,6.2035956,40.103,2.04,0.11318,0.13116,0.16759,0.06034,0.08,0.08,1.255,59966221,59780925,0.91033995,0.00184,2.33,0.025999999,8.0,298.75,buy,267.45,146.82,438320,534535,15311774720,15718847488.0,2025-10-14 20:59:50.842645
WSM,21.301447,23.554735,,10.849244,64.858,1.503,0.14390999,0.17861,0.51219004,0.17455,0.027,0.198,1.548,121790333,120358079,0.96262,0.0114400005,5.43,0.0664,19.0,204.84212,none,219.98,125.33,1133480,1282917,23322849280,23548588032.0,2025-10-14 20:59:51.435628
ATKR,19.993788,5.4931736,,1.4783008,63.866,3.09,0.03892,0.08675,0.07423,0.06574,-0.106,-0.625,2.127,33655743,30677546,0.99751997,0.0124,2.27,0.0539,5.0,63.6,buy,105.275,49.92,544420,649935,2166756608,2748609280.0,2025-10-14 20:59:52.028381
BKE,13.4225,14.317333,,5.6605167,78.92,2.149,0.16117,0.18428,0.43126,0.1591,0.083,0.141,0.981,51156626,30397415,0.60974,0.38819,4.2,0.078,1.0,54.0,none,61.69,33.12,497440,534925,2746599168,2766591232.0,2025-10-14 20:59:52.620761
NB,,-116.7,,24.11157,0.449,14.124,0.0,0.0,-1.13469,-0.23396,,,-0.058,100737151,75150671,0.17889999,0.03263,1.05,0.0612,2.0,10.125,none,12.58,1.27,13720860,6268275,1175602560,855625216.0,2025-10-14 20:59:53.219434
SPB,22.803572,8.898955,,0.6581203,40.126,2.421,0.02559,0.06475,0.03006,0.02792,-0.102,2.803,0.8,24207034,21939319,1.17268,0.03848,7.73,0.15359999,7.0,78.0,buy,96.62,50.0,342600,470251,1236495360,1866649088.0,2025-10-14 20:59:53.820689
SBET,,130.33334,,2.2865498,,6.829,0.0,-26.536188,-0.46601,-0.058179997,-0.289,,11.922,192129274,168684348,0.15343,0.00876,0.63,0.0744,1.0,48.0,none,124.12,2.28,15713420,37469175,3004901888,2718748416.0,2025-10-14 20:59:54.420721
BTDR,,69.37932,,6.0275617,88.534,1.031,-0.89774,-0.48931998,-0.54002,-0.105340004,0.568,,2.254,169482984,99847629,0.27362,0.40325,3.94,0.1879,12.0,25.13333,strong_buy,26.99,6.84,8310690,5026879,4303324160,4650989056.0,2025-10-14 20:59:55.014448
ASTS,,-133.0986,,27.296362,43.674,8.226,0.0,-62.97318,-0.79265,-0.13208,0.284,,2.408,272079386,221449041,0.35641998,0.17297001,3.6,0.1766,8.0,53.8625,buy,99.13,17.5,20416260,12056531,34158893056,24228425728.0,2025-10-14 20:59:55.630907
ACLX,,-38.813335,,12.327781,13.389,3.807,0.0,-7.7741604,-0.42755002,-0.19801001,-0.724,,0.307,55458912,37333276,1.06025,0.13369,13.21,0.1494,16.0,111.5,strong_buy,107.37,47.86,676510,535943,4843227136,4381632000.0,2025-10-14 20:59:56.254837
YOU,19.09816,22.235714,,24.206842,90.779,0.872,0.2117,0.19391,1.30188,0.08550999,0.175,0.01,1.217,95330547,75523638,1.06646,0.07454,10.95,0.33900002,9.0,35.22222,none,39.0,21.67,2343140,1744135,4137976832,2440953856.0,2025-10-14 20:59:56.868494
COGT,,-6.708696,,37.360775,39.125,4.194,0.0,0.0,-1.07552,-0.53150004,,,0.299,139700796,102748660,1.05908,0.00035999998,8.42,0.1382,11.0,21.09091,buy,16.99,3.72,2133070,1870785,2155583488,2195081216.0,2025-10-14 20:59:57.463515
CELC,,-14.4375,,40.526318,224.034,4.584,0.0,0.0,-1.34543,-0.38494998,,,0.707,42426711,18694906,0.84395,0.12054,5.79,0.1288,8.0,74.5,strong_buy,63.06,7.575,1233860,1515096,1960114176,1942479360.0,2025-10-14 20:59:58.063982
PVH,9.486301,6.5588,,0.8216334,88.152,1.369,0.053379998,0.0766,0.09316,0.03849,0.045,0.654,1.888,48119782,47711726,1.14517,0.00973,3.78,0.093,14.0,96.92857,buy,113.47,59.28,820800,1083923,3998754048,7894631936.0,2025-10-14 20:59:58.690697
FIVE,30.364372,30.927835,,4.3371406,105.84,1.714,0.06452,0.051,0.15537,0.05066,0.237,0.284,1.184,55145462,50871137,1.08148,0.02093,2.42,0.0581,21.0,160.09525,buy,157.54,52.38,1431710,1315939,8271819776,9685352448.0,2025-10-14 20:59:59.294474
NCNO,,28.5977,,2.7179372,25.252,1.026,-0.05855,0.01447,-0.025559999,0.00051,0.124,,0.646,115814720,105793272,1.2604,0.02338,5.29,0.1142,14.0,35.60714,buy,43.2,18.75,1987800,1874328,2881470208,3018676736.0,2025-10-14 20:59:59.892872
NTNX,104.52309,36.138298,,-26.32313,,1.832,0.07422,0.06224,,0.04192,0.192,,0.514,268800007,267453319,0.88631,0.00466,2.18,0.052199997,13.0,86.71769,buy,83.36,54.66,3536660,3753217,18262272000,18016425984.0,2025-10-14 21:00:00.516204
SNOW,,258.957,,34.384636,113.143,1.484,-0.33525002,-0.29719,-0.42396,-0.1166,0.318,,1.207,338800000,328154904,0.71298,0.03211,2.14,0.0326,47.0,264.28363,buy,255.39,113.23,5090450,5350889,81593204736,82887639040.0,2025-10-14 21:00:01.110757
VEEV,59.18724,42.551773,,7.100891,1.287,5.573,0.27287,0.28709,0.13701001,0.072399996,0.167,0.144,0.982,163908013,150420023,0.88593,0.085209996,4.06,0.0355,30.0,320.62067,buy,310.5,201.54,1360090,1313435,47148138496,40574177280.0,2025-10-14 21:00:01.728505
VSCO,15.670213,13.210762,,3.4658823,404.789,1.144,0.0241,0.03358,0.26578,0.04127,0.03,-0.5,2.308,80164485,68652865,0.92094004,0.14337,3.93,0.22700001,10.0,25.4,hold,48.73,13.76,2143350,2936428,2361645824,5045579776.0,2025-10-14 21:00:02.348201
ZS,,84.775276,,26.552876,99.85,2.014,-0.015520001,-0.03616,-0.026989998,-0.013730001,0.213,,1.062,158300823,101589553,0.56486,0.36115003,2.88,0.055999998,44.0,325.3657,buy,319.89,164.78,1458860,1595353,47775182848,47778656256.0,2025-10-14 21:00:02.949597
PSTG,225.60976,50.0,,22.873392,17.106,1.645,0.041550003,0.00566,0.100430004,0.012209999,0.127,0.4,1.216,328636590,312093024,0.87455004,0.054109998,1.79,0.0218,18.0,84.94444,buy,94.72,34.51,2915790,3039195,30398883840,29096824832.0,2025-10-14 21:00:03.549652
ASAN,,-353.25,,14.873685,114.723,1.411,-0.27497998,-0.25113,-0.80547,-0.13922,0.099,,1.115,156685245,88174440,0.46618,0.45407,3.03,0.1451,13.0,16.22308,hold,27.77,11.58,4792100,4075262,3338169088,3151279104.0,2025-10-14 21:00:04.150995
REX,22.20946,14.480176,,1.9909145,3.895,10.53,0.07906,0.0512,0.10296,0.05357,0.07,-0.386,0.682,33057574,29084715,0.84341,0.1429,2.59,0.028299998,,,none,32.945,16.725,161870,204367,1086602368,846945536.0,2025-10-14 21:00:04.760174
MRVL,,34.488,,5.537928,35.586,1.881,-0.01429,0.14895001,-0.00749,0.024249999,0.576,,1.94,862100000,859117134,0.85386,0.0033000002,1.6,0.056500003,39.0,88.9441,buy,127.48,47.09,20076390,21117828,74330259456,80615022592.0,2025-10-14 21:00:05.369894
IOT,,146.30771,,17.96034,6.353,1.498,-0.06163,-0.068,-0.080690004,-0.03743,0.304,,1.601,348744278,334962474,0.87581,0.041950002,2.79,0.0705,18.0,48.47778,buy,61.9,31.4,5773920,5714859,21821061120,20921096192.0,2025-10-14 21:00:05.975529
GCT,8.26284,7.7920227,,2.3878121,108.613,2.108,0.11171,0.11144,0.33763,0.07757,0.038,0.396,2.354,29589331,26304095,0.6018,0.12028,2.76,0.1148,4.0,36.0,none,34.5,11.17,731920,1024318,1030166848,1171317888.0,2025-10-14 21:00:06.573487
FRO,20.37963,6.113889,,2.0703604,151.595,1.875,0.1305,0.27517,0.09934,0.04794,-0.137,-0.587,0.198,222622889,130107495,0.3378,0.35788,2.61,0.045100003,5.0,26.4,strong_buy,24.28,12.4,2356760,2270204,4899930112,8181466624.0,2025-10-14 21:00:07.169076
FLNG,13.420764,11.612293,,1.7432039,236.533,2.835,0.27842,0.5109,0.124960005,0.045679998,0.015,-0.181,0.436,54087768,30797575,0.11364,0.0,3.82,0.066700004,2.0,24.0,none,27.67,19.46,294190,449482,1328395520,2706798080.0,2025-10-14 21:00:07.763151
