ticker,earnings_date,surprise_pct,initial_drop_pct,entry_price,exit_price,exit_day,return_pct,hit_stop,hit_target,strategy
AGYS,2024-10-28 16:00:00,14.86,-12.750021278406665,102.51,115.73,6,12.896302799726856,False,True,RECOVERY
AGYS,2023-05-16 16:00:00,18.18,-5.204152249134955,68.49,73.15,10,6.803912979997097,False,False,RECOVERY
AGYS,2022-07-26 16:00:00,18.87,-5.4520760574311256,48.73,51.74,10,6.176893084342305,False,False,RECOVERY
BOH,2024-01-22 06:00:00,1.06,-5.264701569145041,64.6,60.44,10,-6.4396284829721315,False,False,RECOVERY
ITW,2022-02-03 08:00:00,1.09,-5.197763512114303,228.9,215.81,10,-5.718654434250766,False,False,RECOVERY
OLN,2021-01-28 16:00:00,29.49,-7.0985259891388734,23.95,27.02,3,12.818371607515658,False,True,RECOVERY
OLN,2020-04-29 19:00:00,-55.08,-11.392405063291132,13.3,11.82,2,-11.127819548872184,True,False,RECOVERY
ABCB,2021-01-28 16:00:00,27.04,-5.279728747880842,39.11,43.87,4,12.170800306826894,False,True,RECOVERY
TLN,2025-02-28 06:00:00,331.14,-9.329515628728233,190.0,165.75,5,-12.763157894736842,True,False,RECOVERY
CR,2024-07-29 16:00:00,4.9,-5.950310559006219,151.42,151.01,10,-0.27077004358737067,False,False,RECOVERY
EEFT,2023-02-07 21:00:00,12.49,-6.602487646958596,109.63,107.25,10,-2.1709386116938756,False,False,RECOVERY
EEFT,2022-07-27 22:00:00,2.87,-6.270975165404168,97.75,100.85,10,3.171355498721222,False,False,RECOVERY
EEFT,2021-10-20 21:00:00,24.53,-6.241951367320654,123.77,112.19,6,-9.356063666478144,True,False,RECOVERY
SLB,2022-04-22 06:00:00,2.0,-6.986268369067691,38.61,37.95,10,-1.7094017094017007,False,False,RECOVERY
NBTB,2025-01-27 16:00:00,1.32,-5.359342915811087,46.09,49.14,10,6.617487524408759,False,False,RECOVERY
NBTB,2023-01-23 16:00:00,-5.84,-11.23701605288007,37.6,41.01,10,9.069148936170203,False,False,RECOVERY
RMBS,2024-04-29 16:00:00,-10.91,-6.412448700410398,54.73,58.1,10,6.157500456787876,False,False,RECOVERY
RMBS,2024-02-05 16:00:00,113.8,-11.180722891566267,55.29,57.5,10,3.997106167480559,False,False,RECOVERY
SSD,2024-04-22 16:00:00,-4.77,-7.087294727744169,172.0,180.05,10,4.680232558139542,False,False,RECOVERY
SSD,2023-10-23 16:00:00,10.04,-5.287702143663022,125.92,143.45,8,13.92153748411689,False,True,RECOVERY
SSD,2021-10-25 16:00:00,-4.06,-8.109729961423067,107.19,121.5,9,13.350125944584384,False,True,RECOVERY
SSD,2021-02-08 16:00:00,4.62,-7.387735393529687,95.9,99.4,10,3.64963503649635,False,False,RECOVERY
SSD,2020-10-26 16:00:00,56.35,-6.810855776229591,89.62,93.29,10,4.095068065164027,False,False,RECOVERY
CINF,2024-04-25 16:00:00,0.75,-7.8227616593233105,110.88,118.87,10,7.205988455988464,False,False,RECOVERY
CINF,2023-10-26 16:00:00,45.44,-6.209150326797393,97.58,99.73,10,2.203320352531262,False,False,RECOVERY
CINF,2022-07-27 16:00:00,-37.5,-11.012013105205675,97.78,103.22,10,5.563509920229083,False,False,RECOVERY
CINF,2022-04-28 16:00:00,9.27,-9.772058823529417,122.71,126.23,10,2.8685518702632304,False,False,RECOVERY
CINF,2020-04-27 17:00:00,-21.07,-11.11111111111111,72.0,65.15,2,-9.513888888888882,True,False,RECOVERY
DORM,2022-10-24 07:00:00,1.96,-8.589411329137366,74.07,80.64,10,8.869987849331725,False,False,RECOVERY
DORM,2022-02-22 07:00:00,-1.66,-5.2984293193717305,90.44,98.88,10,9.332153914197255,False,False,RECOVERY
LKFN,2023-04-25 08:00:00,-13.56,-6.304505813953487,51.57,47.29,5,-8.299398875315108,True,False,RECOVERY
LKFN,2021-10-25 07:00:00,1.08,-5.729496767651155,74.37,74.99,10,0.8336694903858953,False,False,RECOVERY
WT,2022-01-28 07:00:00,14.89,-6.499999999999995,5.61,5.71,10,1.7825311942958937,False,False,RECOVERY
UFPI,2024-10-28 16:00:00,-13.23,-5.375682534799657,123.04,133.34,10,8.371261378413521,False,False,RECOVERY
UFPI,2022-10-20 16:00:00,9.92,-7.810810810810813,68.22,68.96,10,1.0847258868366971,False,False,RECOVERY
UFPI,2022-04-21 16:00:00,57.48,-5.5400654624802925,77.92,78.49,10,0.7315195071868495,False,False,RECOVERY
UFPI,2020-10-21 18:00:00,38.89,-7.586790855207447,54.57,49.91,6,-8.539490562580179,True,False,RECOVERY
CMPO,2024-11-08 07:00:00,-5.64,-5.59380378657486,10.97,12.5,6,13.947128532360978,False,True,RECOVERY
CMPO,2024-05-06 16:00:00,1.92,-5.4628224582700975,6.23,5.73,1,-8.025682182985554,True,False,RECOVERY
CMPO,2023-08-14 16:00:00,-1.87,-7.035175879396983,5.55,5.29,10,-4.684684684684681,False,False,RECOVERY
CMPO,2023-05-03 16:00:00,-6.12,-7.026143790849669,5.69,6.04,10,6.151142355008781,False,False,RECOVERY
CMPO,2023-03-01 16:00:00,,-5.31914893617021,5.34,5.74,10,7.490636704119858,False,False,RECOVERY
CMPO,2022-05-09 16:00:00,-5.88,-7.7943615257048195,5.56,5.0,2,-10.07194244604316,True,False,RECOVERY
UHS,2024-02-27 16:00:00,7.64,-8.107954545454552,161.73,174.41,10,7.84022753972671,False,False,RECOVERY
UHS,2021-02-25 16:00:00,29.29,-7.094143810229806,125.33,137.54,10,9.74228037979733,False,False,RECOVERY
UHS,2020-02-26 16:00:00,8.61,-5.669874167283492,127.44,114.59,7,-10.083176396735714,True,False,RECOVERY
IBRX,2024-08-12 08:00:00,-33.33,-14.545454545454556,3.76,4.41,6,17.2872340425532,False,True,RECOVERY
IBRX,2023-08-08 16:00:00,-36.17,-10.313513513513517,1.6592,1.86,2,12.102217936354876,False,True,RECOVERY
IBRX,2023-03-01 17:00:00,-63.64,-12.554112554112557,2.02,1.7801,2,-11.876237623762375,True,False,RECOVERY
IBRX,2021-11-12 16:00:00,-10.0,-6.865284974093257,7.19,6.54,3,-9.0403337969402,True,False,RECOVERY
PAR,2021-11-09 16:00:00,4.64,-9.284565916398723,67.71,59.65,8,-11.903706985674193,True,False,RECOVERY
PAR,2021-05-10 16:00:00,-57.41,-9.00667665894536,66.78,58.75,2,-12.024558250973346,True,False,RECOVERY
PAR,2020-05-07 17:00:00,-21.74,-7.172995780590714,22.0,24.89,6,13.136363636363638,False,True,RECOVERY
NUE,2022-07-21 08:00:00,10.38,-5.728674850487883,119.8,135.8,5,13.355592654424054,False,True,RECOVERY
NUE,2022-04-21 08:00:00,4.55,-8.235964662296945,161.0,140.78,9,-12.559006211180124,True,False,RECOVERY
CMA,2024-10-18 06:00:00,17.82,-6.067138897443791,61.0,62.39,10,2.278688524590165,False,False,RECOVERY
ATKR,2023-02-01 06:00:00,15.72,-6.740000000000008,139.89,145.63,10,4.103223961684187,False,False,RECOVERY
MRVL,2025-08-28 16:00:00,-0.51,-8.056042031523637,63.0,67.5,10,7.142857142857142,False,False,RECOVERY
MRVL,2025-03-05 16:00:00,1.57,-5.146579804560264,72.8,64.1,2,-11.950549450549456,True,False,RECOVERY
MRVL,2024-05-30 16:00:00,0.7,-5.994550408719354,69.0,73.24,10,6.144927536231877,False,False,RECOVERY
MRVL,2022-08-25 16:00:00,0.9,-6.071428571428578,49.97,45.82,3,-8.304982989793874,True,False,RECOVERY
MRVL,2021-03-03 16:00:00,-0.37,-7.14786264891381,39.75,46.52,5,17.03144654088051,False,True,RECOVERY
MRVL,2019-12-03 16:00:00,-1.07,-7.707129094412332,23.95,25.67,10,7.181628392484353,False,False,RECOVERY
LEG,2024-02-08 16:00:00,-3.7,-9.170305676855886,20.8,20.35,10,-2.1634615384615348,False,False,RECOVERY
LEG,2020-05-04 17:00:00,3.8,-12.675652423286488,30.45,27.8,1,-8.702791461412145,True,False,RECOVERY
FFIN,2023-10-19 16:00:00,-3.31,-5.707297187117823,23.13,25.95,10,12.191958495460442,False,True,RECOVERY
FFIN,2022-10-20 16:00:00,-0.81,-9.069767441860462,39.1,36.7,10,-6.138107416879792,False,False,RECOVERY
CFLT,2025-07-30 16:00:00,-18.56,-7.648283038501555,17.75,15.93,7,-10.253521126760564,True,False,RECOVERY
CFLT,2025-04-30 16:00:00,18.27,-10.004653327128892,19.34,22.4,7,15.82213029989658,False,True,RECOVERY
CFLT,2024-07-31 16:00:00,31.0,-8.628318584070808,20.65,18.65,3,-9.685230024213077,True,False,RECOVERY
CFLT,2023-11-01 16:00:00,340.96,-11.786666666666672,16.54,19.89,8,20.253929866989125,False,True,RECOVERY
CFLT,2022-11-02 16:00:00,24.32,-6.897959183673475,22.81,20.36,1,-10.74090311266988,True,False,RECOVERY
CFLT,2022-05-05 16:00:00,10.47,-8.504058755315032,23.67,19.85,1,-16.138572032108154,True,False,RECOVERY
CFLT,2022-02-10 16:00:00,10.33,-12.385321100917443,57.3,52.5,4,-8.376963350785335,True,False,RECOVERY
ACGL,2024-10-30 16:00:00,22.16,-6.904694436573158,98.56,100.05,10,1.5117694805194752,False,False,RECOVERY
ACGL,2020-05-04 17:00:00,12.47,-7.229386479093401,23.74,24.28,10,2.2746419545071723,False,False,RECOVERY
SBCF,2023-07-27 16:00:00,12.26,-5.249343832021005,25.27,23.46,10,-7.162643450732088,False,False,RECOVERY
ASTS,2024-04-01 16:00:00,-57.15,-13.675213675213667,2.02,2.33,1,15.34653465346535,False,True,RECOVERY
ASTS,2023-03-31 06:00:00,26.32,-8.108108108108107,4.76,4.25,2,-10.714285714285712,True,False,RECOVERY
ASTS,2021-08-16 16:00:00,140.73,-10.714285714285717,8.25,9.28,4,12.484848484848477,False,True,RECOVERY
FIVE,2025-03-19 16:00:00,3.29,-10.822561692126904,75.89,58.85,10,-22.45355119251548,True,False,RECOVERY
FIVE,2024-08-28 16:00:00,-0.24,-6.175059952038376,78.25,89.5,8,14.376996805111823,False,True,RECOVERY
FIVE,2021-03-17 16:00:00,4.07,-9.529553679131483,187.5,195.62,10,4.330666666666668,False,False,RECOVERY
FIVE,2020-03-18 16:00:00,1.45,-8.192982456140353,52.33,62.0,2,18.47888400535066,False,True,RECOVERY
COGT,2025-05-06 09:00:00,9.9,-7.602339181286544,4.74,5.31,9,12.025316455696188,False,True,RECOVERY
COGT,2024-08-06 08:00:00,-7.91,-6.803455723542107,8.63,9.87,7,14.368482039397431,False,True,RECOVERY
PSTG,2025-02-26 16:00:00,7.77,-7.495652173913047,53.19,47.72,7,-10.283887948862565,True,False,RECOVERY
PSTG,2024-05-29 16:00:00,50.42,-9.011627906976738,62.6,68.4,10,9.265175718849846,False,False,RECOVERY
PSTG,2023-03-01 16:00:00,37.12,-5.212355212355205,24.55,24.25,10,-1.2219959266802474,False,False,RECOVERY
PSTG,2022-08-31 16:00:00,46.43,-8.677283067923296,28.1,28.74,10,2.277580071174367,False,False,RECOVERY
PSTG,2021-02-24 16:00:00,42.61,-14.02664692820133,23.23,19.55,5,-15.84158415841584,True,False,RECOVERY
PVH,2025-08-26 16:00:00,25.9,-7.375838163427657,81.5,82.02,10,0.638036809815946,False,False,RECOVERY
PVH,2025-06-04 16:00:00,-138.94,-11.45415664260892,66.25,64.0,10,-3.3962264150943398,False,False,RECOVERY
PVH,2023-05-31 16:00:00,10.95,-7.09144542772862,78.74,84.18,10,6.908813817627651,False,False,RECOVERY
PVH,2022-08-30 16:00:00,3.14,-8.031730292513634,55.65,54.61,10,-1.8688230008984712,False,False,RECOVERY
PVH,2022-03-29 16:00:00,42.13,-6.478873239436619,83.0,73.62,4,-11.301204819277103,True,False,RECOVERY
PVH,2020-04-01 16:00:00,3.97,-7.536231884057976,31.9,39.98,2,25.32915360501567,False,True,RECOVERY
BAH,2025-07-25 06:00:00,61.97,-5.115044247787612,107.22,109.03,10,1.688117888453649,False,False,RECOVERY
FITB,2023-10-19 06:00:00,10.47,-5.354969574036512,23.33,26.49,10,13.544792113159025,False,True,RECOVERY
AMKR,2025-04-28 16:00:00,4.54,-5.5524708495280395,17.01,19.62,9,15.34391534391534,False,True,RECOVERY
AMKR,2024-07-29 16:00:00,19.34,-10.274963820549921,31.0,32.22,10,3.9354838709677384,False,False,RECOVERY
AMKR,2023-05-01 16:00:00,,-6.607142857142843,20.92,21.82,10,4.302103250478004,False,False,RECOVERY
AMKR,2022-10-31 16:00:00,39.86,-6.438356164383563,20.49,24.08,7,17.520741825280624,False,True,RECOVERY
AMKR,2021-10-25 16:00:00,5.71,-5.083297736010257,22.22,23.52,10,5.850585058505854,False,False,RECOVERY
AMKR,2021-04-26 14:00:00,5.65,-10.970464135021087,21.1,19.2,9,-9.0047393364929,True,False,RECOVERY
AMKR,2020-07-27 16:00:00,1250.0,-11.062499999999996,14.23,12.9,8,-9.346451159522138,True,False,RECOVERY
AMKR,2020-04-27 17:00:00,62.5,-9.716981132075466,9.57,9.96,10,4.075235109717874,False,False,RECOVERY
FFIV,2024-01-29 16:00:00,12.95,-8.96002374826836,184.01,183.0,10,-0.5488832128688609,False,False,RECOVERY
ZS,2024-05-30 16:00:00,35.94,-6.270627062706273,170.4,184.4,10,8.215962441314554,False,False,RECOVERY
ZS,2021-11-30 16:00:00,15.33,-11.5726839481006,321.0,275.1,3,-14.29906542056074,True,False,RECOVERY
ZS,2021-09-09 16:00:00,52.21,-6.018099547511319,270.01,279.9,10,3.662827302692488,False,False,RECOVERY
IOT,2025-03-06 16:00:00,72.7,-10.391908975979772,35.44,39.82,8,12.358916478555312,False,True,RECOVERY
IOT,2024-06-06 16:00:00,228.95,-5.719557195571964,30.66,28.04,5,-8.54533594259622,True,False,RECOVERY
IOT,2022-08-31 16:00:00,43.26,-10.607071380920614,13.4,12.63,10,-5.746268656716415,False,False,RECOVERY
IOT,2022-03-02 16:00:00,33.83,-6.9892473118279606,17.3,15.85,1,-8.381502890173415,True,False,RECOVERY
VEEV,2022-03-02 16:00:00,1.97,-6.2347783731125235,192.5,174.44,6,-9.381818181818183,True,False,RECOVERY
VEEV,2021-03-02 16:00:00,14.51,-10.638152266894775,261.16,262.8,10,0.627967529483836,False,False,RECOVERY
VEEV,2019-11-26 16:00:00,10.18,-6.576521204671168,152.0,142.8,10,-6.052631578947361,False,False,RECOVERY
TFC,2023-04-20 06:00:00,-4.87,-5.675029868578251,31.58,27.45,8,-13.077897403419882,True,False,RECOVERY
DCOM,2023-10-19 06:00:00,4.48,-5.517959396147852,18.15,20.87,10,14.986225895316817,False,True,RECOVERY
GCT,2025-05-12 16:00:00,41.67,-6.316348195329094,17.65,18.3,10,3.682719546742222,False,False,RECOVERY
GCT,2024-08-06 16:00:00,31.21,-14.529914529914532,23.0,22.34,10,-2.869565217391305,False,False,RECOVERY
GCT,2024-05-09 06:00:00,64.71,-5.398587285570133,37.5,33.0,6,-12.0,True,False,RECOVERY
SNOW,2024-08-21 16:00:00,13.46,-7.059486436448531,115.46,107.9,10,-6.547722154858815,False,False,RECOVERY
SNOW,2024-05-22 16:00:00,-21.09,-9.228779684928295,154.42,137.79,4,-10.769330397616887,True,False,RECOVERY
SNOW,2023-08-23 16:00:00,116.83,-9.130811078140443,146.99,166.4,10,13.204979930607522,False,True,RECOVERY
SNOW,2023-03-01 16:00:00,174.03,-5.979741529863781,134.59,138.92,10,3.2171780964410313,False,False,RECOVERY
ASAN,2025-09-03 16:00:00,-3.11,-5.806451612903228,14.6,13.3,4,-8.904109589041088,True,False,RECOVERY
ASAN,2025-06-03 16:00:00,154.58,-13.443935926773454,15.13,13.8,6,-8.790482485128882,True,False,RECOVERY
ASAN,2024-05-30 16:00:00,27.49,-7.485875706214692,13.1,12.36,10,-5.648854961832063,False,False,RECOVERY
ASAN,2024-03-11 16:00:00,58.72,-11.18918918918919,16.43,15.32,10,-6.755934266585512,False,False,RECOVERY
ASAN,2023-12-05 16:00:00,62.71,-7.769304099142035,19.35,18.95,10,-2.0671834625323107,False,False,RECOVERY
ASAN,2023-09-05 16:00:00,65.67,-10.659655831739963,18.69,17.39,10,-6.95559122525415,False,False,RECOVERY
ASAN,2023-06-01 16:00:00,49.29,-8.134171907756818,21.91,24.92,7,13.73801916932908,False,True,RECOVERY
ASAN,2021-12-02 16:00:00,13.27,-12.003669243873668,67.15,76.0,2,13.17944899478778,False,True,RECOVERY
ASAN,2020-12-09 16:00:00,7.0,-10.961007061713234,29.0,29.76,10,2.620689655172419,False,False,RECOVERY
BKE,2020-08-21 06:00:00,1190.91,-6.677018633540369,18.03,20.57,9,14.087631724902932,False,True,RECOVERY
BKE,2020-03-13 06:00:00,10.97,-5.059132720105134,14.45,16.53,3,14.394463667820082,False,True,RECOVERY
CDNS,2025-02-18 16:00:00,3.16,-5.397540273687852,273.07,248.9,4,-8.851210312374112,True,False,RECOVERY
CDNS,2022-10-24 16:00:00,10.28,-7.367112216350634,149.0,149.09,10,0.06040268456376068,False,False,RECOVERY
CDNS,2022-04-25 16:00:00,16.87,-5.020369790034484,151.54,137.18,9,-9.476045928467721,True,False,RECOVERY
CDNS,2019-10-21 16:00:00,6.07,-11.347517730496454,62.5,67.2,10,7.520000000000005,False,False,RECOVERY
HRI,2025-07-29 06:00:00,14.63,-5.11078764353873,117.34,129.47,10,10.337480824953124,False,False,RECOVERY
HRI,2022-04-21 03:00:00,-0.26,-10.494915254237283,132.02,117.45,10,-11.036206635358283,True,False,RECOVERY
HRI,2022-02-10 06:00:00,1.76,-8.590833996206339,149.39,159.0,10,6.4328268291050374,False,False,RECOVERY
HRI,2020-07-23 06:00:00,142.02,-8.786279683377304,34.57,38.77,10,12.149262366213488,False,True,RECOVERY
ALLY,2025-04-17 07:00:00,-1322.06,-5.571293673276675,30.0,33.29,10,10.966666666666663,False,False,RECOVERY
ALLY,2020-04-20 07:00:00,-156.56,-6.514657980456026,14.35,16.47,5,14.77351916376306,False,True,RECOVERY
PFG,2024-10-24 16:00:00,-12.25,-6.960401561628565,83.41,85.45,10,2.4457499100827316,False,False,RECOVERY
PFG,2021-10-26 16:00:00,6.06,-6.221783295711057,66.47,68.46,10,2.9938318038212652,False,False,RECOVERY
PFG,2021-07-27 16:00:00,12.16,-5.605923239649453,62.47,66.96,10,7.187449975988466,False,False,RECOVERY
PFG,2021-01-28 16:00:00,3.5,-5.594671741198854,49.61,54.13,10,9.11106631727475,False,False,RECOVERY
PFG,2020-07-27 16:00:00,12.54,-5.052264808362369,43.6,46.18,10,5.917431192660547,False,False,RECOVERY
FTAI,2025-04-30 16:00:00,16.31,-11.573056166300217,88.48,100.03,2,13.053797468354428,False,True,RECOVERY
FTAI,2025-02-26 16:00:00,0.66,-6.463797035347772,131.25,120.16,2,-8.449523809523813,True,False,RECOVERY
FTAI,2024-10-30 16:00:00,-2.73,-6.423611111111111,134.75,161.0,6,19.480519480519483,False,True,RECOVERY
FTAI,2024-04-25 16:00:00,-0.56,-6.291390728476822,70.75,82.94,5,17.229681978798585,False,True,RECOVERY
FTAI,2022-04-28 16:00:00,-1242.22,-10.96088845968131,18.44,16.55,3,-10.249457700650762,True,False,RECOVERY
FTAI,2021-04-29 16:00:00,-34.65,-5.672926447574332,24.11,23.35,10,-3.1522189962671012,False,False,RECOVERY
FTAI,2020-04-30 17:00:00,-58.05,-6.075697211155373,9.43,8.67,3,-8.059384941675502,True,False,RECOVERY
WWD,2024-11-25 16:00:00,11.87,-6.115594766654978,187.29,179.54,10,-4.137967857333547,False,False,RECOVERY
WWD,2024-07-29 16:00:00,7.59,-7.651972440704825,151.46,156.04,10,3.0239006998547366,False,False,RECOVERY
WWD,2024-01-29 16:00:00,26.61,-6.859776168531939,141.48,136.06,10,-3.8309301668080207,False,False,RECOVERY
WWD,2023-01-30 16:00:00,-21.53,-7.161803713527851,101.5,103.66,10,2.1280788177339867,False,False,RECOVERY
WWD,2022-05-02 16:00:00,-17.81,-7.019143117593439,102.0,101.6,10,-0.3921568627451036,False,False,RECOVERY
WWD,2021-08-02 16:00:00,-24.57,-7.182139046211934,113.08,117.11,10,3.56384860275911,False,False,RECOVERY
VRTS,2023-02-03 07:00:00,6.05,-11.910204081632655,215.82,209.2,10,-3.0673709572792163,False,False,RECOVERY
GD,2020-04-29 08:00:00,-1.18,-5.415294548115628,129.25,132.99,10,2.8936170212766026,False,False,RECOVERY
RBCAA,2022-07-22 08:00:00,8.6,-6.9545360182686355,44.82,44.21,10,-1.360999553770637,False,False,RECOVERY
RBCAA,2019-07-19 08:00:00,10.26,-5.180273518441774,45.76,44.88,10,-1.9230769230769131,False,False,RECOVERY
NE,2024-07-31 16:00:00,108.67,-5.546147332768849,44.62,39.89,2,-10.600627521290896,True,False,RECOVERY
WBS,2021-04-19 06:00:00,38.87,-6.708556643873595,50.48,54.68,10,8.320126782884318,False,False,RECOVERY
CLMT,2025-08-08 07:00:00,-383.16,-6.054279749478074,13.5,15.95,9,18.148148148148145,False,True,RECOVERY
CLMT,2025-02-28 09:00:00,50.6,-6.0711793440334905,13.46,11.97,4,-11.069836552748887,True,False,RECOVERY
CLMT,2022-05-06 07:00:00,0.76,-12.709497206703912,12.5,12.96,10,3.680000000000007,False,False,RECOVERY
CLMT,2020-03-05 07:00:00,14.9,-7.792207792207799,2.84,2.22,1,-21.83098591549295,True,False,RECOVERY
CLMT,2019-11-12 08:00:00,250.0,-5.4200542005419985,3.49,3.14,4,-10.028653295128942,True,False,RECOVERY
SPHR,2023-08-22 07:00:00,,-6.392117230924713,37.05,33.84,2,-8.663967611336016,True,False,RECOVERY
SPHR,2023-05-10 07:00:00,114.41,-6.590476190476193,24.52,22.22,1,-9.380097879282221,True,False,RECOVERY
SPHR,2022-08-19 07:00:00,-406.21,-10.396534488503836,26.89,25.38,10,-5.615470435105993,False,False,RECOVERY
SPHR,2021-11-09 07:00:00,13.24,-5.846399149614676,35.43,31.41,7,-11.346316680779,True,False,RECOVERY
KDP,2025-02-25 07:00:00,1.54,-5.194805194805187,32.85,32.69,10,-0.4870624048706353,False,False,RECOVERY
NOV,2024-02-01 17:00:00,260.32,-10.327455919395469,17.8,17.22,10,-3.2584269662921455,False,False,RECOVERY
NOV,2022-02-03 17:00:00,-149.61,-7.489994282447106,16.18,17.24,10,6.551297898640289,False,False,RECOVERY
NOV,2020-07-27 18:00:00,56.18,-10.965250965250965,11.53,13.05,10,13.183000867302702,False,True,RECOVERY
ACLX,2024-05-09 16:00:00,69.51,-8.800880088008796,49.74,51.9,10,4.342581423401682,False,False,RECOVERY
BTDR,2025-08-18 07:00:00,-32.35,-9.818941504178275,12.95,13.22,10,2.0849420849420954,False,False,RECOVERY
BTDR,2023-11-14 06:00:00,50.0,-13.200000000000003,4.34,3.93,2,-9.447004608294925,True,False,RECOVERY
CELC,2025-05-14 16:00:00,5.81,-8.521739130434787,10.52,10.63,10,1.045627376425867,False,False,RECOVERY
CELC,2025-03-31 16:00:00,-11.94,-7.562189054726383,9.29,8.21,5,-11.625403659849283,True,False,RECOVERY
CELC,2021-11-08 16:00:00,-45.83,-5.411140583554393,17.83,16.13,7,-9.534492428491303,True,False,RECOVERY
CELC,2020-03-13 12:00:00,17.85,-14.601769911504428,5.79,6.86,1,18.480138169257344,False,True,RECOVERY
